Ride_Id,Start_Location_ID,Stop_Location_ID,MILES,START_DATE,END_DATE,PURPOSE,Category_ID
1,1,1,5.1,2016-01-01 21:11:00,2016-01-01 21:17:00,Meal/Entertain,1
2,1,1,5,2016-01-02 1:25:00,2016-01-02 1:37:00,Meeting,1
3,1,1,4.8,2016-01-02 20:25:00,2016-01-02 20:38:00,Errand/Supplies,1
4,1,1,4.7,2016-01-05 17:31:00,2016-01-05 17:45:00,Meeting,1
5,1,2,63.7,2016-01-06 14:42:00,2016-01-06 15:49:00,Customer Visit,1
6,2,2,4.3,2016-01-06 17:15:00,2016-01-06 17:19:00,Meal/Entertain,1
7,2,110,7.1,2016-01-06 17:30:00,2016-01-06 17:35:00,Meeting,1
8,3,3,0.8,2016-01-07 13:27:00,2016-01-07 13:33:00,Meeting,1
9,3,17,8.3,2016-01-10 8:05:00,2016-01-10 8:25:00,Meeting,1
10,4,5,16.5,2016-01-10 12:17:00,2016-01-10 12:44:00,Customer Visit,1
11,5,111,10.8,2016-01-10 15:08:00,2016-01-10 15:51:00,Meeting,1
12,6,5,7.5,2016-01-10 18:18:00,2016-01-10 18:53:00,Meeting,1
13,7,8,6.2,2016-01-10 19:12:00,2016-01-10 19:32:00,Meeting,1
14,8,112,6.4,2016-01-11 8:55:00,2016-01-11 9:21:00,Temporary Site,1
15,9,7,1.6,2016-01-11 11:56:00,2016-01-11 12:03:00,Errand/Supplies,1
16,7,10,1.7,2016-01-11 13:32:00,2016-01-11 13:46:00,Meal/Entertain,1
17,10,7,1.9,2016-01-11 14:30:00,2016-01-11 14:43:00,Meal/Entertain,1
18,7,11,1.9,2016-01-12 12:33:00,2016-01-12 12:49:00,Meal/Entertain,1
19,11,12,4,2016-01-12 12:53:00,2016-01-12 13:09:00,Meal/Entertain,1
20,12,11,1.8,2016-01-12 14:42:00,2016-01-12 14:56:00,Errand/Supplies,1
21,11,13,2.4,2016-01-12 15:13:00,2016-01-12 15:28:00,Customer Visit,1
22,13,7,2,2016-01-12 15:42:00,2016-01-12 15:54:00,Errand/Supplies,1
23,5,113,15.1,2016-01-12 16:02:00,2016-01-12 17:00:00,Meeting,1
24,3,14,19.4,2016-02-01 10:35:00,2016-02-01 11:15:00,Customer Visit,1
25,14,3,23.3,2016-02-01 12:10:00,2016-02-01 12:43:00,Customer Visit,1
26,15,16,3.9,2016-02-01 12:56:00,2016-02-01 13:07:00,Meal/Entertain,1
27,16,114,8.3,2016-02-02 13:04:00,2016-02-02 13:23:00,Meeting,1
28,3,3,6,2016-02-02 13:51:00,2016-02-02 14:06:00,Errand/Supplies,1
29,3,3,1.6,2016-02-02 14:38:00,2016-02-02 14:42:00,Errand/Supplies,1
30,3,17,5.2,2016-02-04 8:40:00,2016-02-04 9:01:00,Errand/Supplies,1
31,17,3,9.7,2016-02-04 9:37:00,2016-02-04 10:09:00,Meal/Entertain,1
32,3,3,1.6,2016-02-04 10:26:00,2016-02-04 10:32:00,Meal/Entertain,1
33,3,3,1.1,2016-02-04 15:59:00,2016-02-04 16:03:00,Meal/Entertain,1
34,3,3,1.6,2016-02-04 16:35:00,2016-02-04 16:39:00,Meal/Entertain,1
35,16,115,9,2016-02-04 18:04:00,2016-02-04 18:31:00,Meeting,1
36,3,3,7.7,2016-02-04 20:36:00,2016-02-04 20:55:00,Meeting,1
37,3,18,10.4,2016-02-05 11:47:00,2016-02-05 12:07:00,Meeting,1
38,18,3,10.4,2016-02-05 13:22:00,2016-02-05 13:41:00,Meeting,1
39,3,19,11.4,2016-02-06 16:20:00,2016-02-06 16:53:00,Between Offices,1
40,19,3,9,2016-02-06 18:57:00,2016-02-06 19:21:00,Errand/Supplies,1
41,20,16,3.2,2016-02-06 19:28:00,2016-02-06 19:37:00,Meal/Entertain,1
42,3,21,5.6,2016-02-07 16:49:00,2016-02-07 17:01:00,Errand/Supplies,1
43,21,3,5.7,2016-02-07 18:03:00,2016-02-07 18:17:00,Customer Visit,1
44,3,17,6.1,2016-02-07 18:39:00,2016-02-07 18:53:00,Temporary Site,1
45,17,3,6.1,2016-02-07 20:22:00,2016-02-07 20:40:00,Meeting,1
46,16,20,4.3,2016-02-08 12:57:00,2016-02-08 13:08:00,Meal/Entertain,1
47,20,16,2.7,2016-02-08 14:00:00,2016-02-08 14:10:00,Meal/Entertain,1
48,16,15,5.3,2016-02-09 10:54:00,2016-02-09 11:07:00,Meeting,2
49,15,22,3,2016-02-09 11:43:00,2016-02-09 11:50:00,Meeting,2
50,22,23,5.1,2016-02-09 13:36:00,2016-02-09 13:52:00,Meeting,2
51,23,16,1.5,2016-02-09 13:58:00,2016-02-09 14:02:00,Errand/Supplies,2
52,3,17,6.1,2016-02-09 18:55:00,2016-02-09 19:11:00,Meeting,1
53,17,3,6.1,2016-02-09 20:24:00,2016-02-09 20:40:00,Meal/Entertain,1
54,3,19,17.3,2016-02-11 16:28:00,2016-02-11 17:10:00,Meal/Entertain,1
55,24,116,5.7,2016-02-11 17:49:00,2016-02-11 18:10:00,Meal/Entertain,1
56,19,17,13.5,2016-02-11 18:24:00,2016-02-11 18:46:00,Temporary Site,1
57,17,3,6.1,2016-02-11 20:36:00,2016-02-11 20:51:00,Temporary Site,1
58,3,18,8.5,2016-02-12 8:21:00,2016-02-12 8:42:00,Temporary Site,1
59,18,17,2.6,2016-02-12 10:45:00,2016-02-12 10:52:00,Temporary Site,1
60,17,19,17,2016-02-12 11:14:00,2016-02-12 11:35:00,Customer Visit,1
61,19,3,18,2016-02-12 13:02:00,2016-02-12 13:36:00,Meeting,1
62,3,17,8.4,2016-02-12 14:49:00,2016-02-12 15:06:00,Meeting,1
63,17,3,11.5,2016-02-12 15:33:00,2016-02-12 16:06:00,Customer Visit,1
64,16,25,8,2016-03-01 18:47:00,2016-03-01 19:10:00,Meal/Entertain,1
65,25,16,8,2016-03-01 21:27:00,2016-03-01 21:45:00,Meeting,1
66,16,26,2.2,2016-03-03 9:45:00,2016-03-03 9:52:00,Errand/Supplies,2
67,26,16,2.3,2016-03-03 11:04:00,2016-03-03 11:10:00,Errand/Supplies,1
68,16,15,5.2,2016-03-03 14:44:00,2016-03-03 14:58:00,Meal/Entertain,1
69,3,19,7.6,2016-03-03 15:27:00,2016-03-03 15:48:00,Customer Visit,1
70,19,3,17.3,2016-03-03 16:02:00,2016-03-03 16:42:00,Meeting,1
71,3,18,9.9,2016-03-04 7:47:00,2016-03-04 8:06:00,Meeting,1
72,18,3,9.9,2016-03-04 9:46:00,2016-03-04 10:03:00,Customer Visit,1
73,3,18,10.4,2016-03-04 11:46:00,2016-03-04 12:06:00,Meeting,1
74,18,3,10.9,2016-03-04 13:03:00,2016-03-04 13:25:00,Meeting,1
75,3,19,15.7,2016-03-04 13:40:00,2016-03-04 14:09:00,Customer Visit,1
76,19,19,4.9,2016-03-04 15:56:00,2016-03-04 16:08:00,Meal/Entertain,1
77,27,117,0.8,2016-03-04 16:16:00,2016-03-04 16:22:00,Errand/Supplies,1
78,19,3,13.5,2016-03-04 16:43:00,2016-03-04 17:12:00,Meeting,1
79,3,17,1.9,2016-03-04 19:02:00,2016-03-04 19:08:00,Temporary Site,1
80,17,3,2,2016-03-04 19:16:00,2016-03-04 19:25:00,Meal/Entertain,1
81,3,17,6.5,2016-03-05 11:44:00,2016-03-05 11:59:00,Meal/Entertain,1
82,28,28,4.2,2016-03-05 12:57:00,2016-03-05 13:12:00,Meeting,2
83,17,3,3.5,2016-03-05 14:08:00,2016-03-05 14:18:00,Meeting,2
84,16,25,7.8,2016-03-05 14:39:00,2016-03-05 15:01:00,Meal/Entertain,1
85,3,17,7.8,2016-03-05 16:52:00,2016-03-05 17:13:00,Meal/Entertain,1
86,17,3,3.9,2016-03-05 17:23:00,2016-03-05 17:34:00,Meal/Entertain,1
87,16,20,2.8,2016-03-07 9:10:00,2016-03-07 9:20:00,Errand/Supplies,1
88,3,19,12.4,2016-03-07 9:23:00,2016-03-07 9:47:00,Customer Visit,1
89,27,29,5.9,2016-03-07 12:10:00,2016-03-07 12:26:00,Customer Visit,1
90,29,118,9.4,2016-03-07 13:57:00,2016-03-07 14:18:00,Meeting,1
91,19,3,11.9,2016-03-07 15:19:00,2016-03-07 15:45:00,Between Offices,1
92,16,30,7.2,2016-03-08 14:38:00,2016-03-08 14:55:00,Between Offices,1
93,30,16,7.6,2016-03-08 15:35:00,2016-03-08 16:00:00,Meal/Entertain,1
94,16,16,1.6,2016-03-08 16:13:00,2016-03-08 16:25:00,Errand/Supplies,2
95,3,17,8.4,2016-03-10 3:36:00,2016-03-10 3:53:00,Meeting,1
96,31,32,12.8,2016-03-10 10:08:00,2016-03-10 10:37:00,Meeting,1
97,32,33,2.3,2016-03-10 14:39:00,2016-03-10 14:55:00,Errand/Supplies,1
98,33,119,1.6,2016-03-10 16:18:00,2016-03-10 16:28:00,Errand/Supplies,1
99,34,35,2,2016-03-11 9:47:00,2016-03-11 9:59:00,Meal/Entertain,1
100,35,36,0.8,2016-03-11 10:29:00,2016-03-11 10:36:00,Errand/Supplies,1
101,36,37,1.2,2016-03-11 11:57:00,2016-03-11 12:04:00,Errand/Supplies,1
102,37,36,1,2016-03-11 13:43:00,2016-03-11 13:51:00,Errand/Supplies,1
103,33,34,2.1,2016-03-11 19:21:00,2016-03-11 19:35:00,Errand/Supplies,1
104,34,33,2.2,2016-03-12 9:13:00,2016-03-12 9:22:00,Errand/Supplies,1
105,33,34,1.9,2016-03-12 18:27:00,2016-03-12 18:37:00,Errand/Supplies,2
106,38,38,11,2016-04-01 13:43:00,2016-04-01 14:01:00,Meeting,1
107,38,39,15.5,2016-04-01 14:36:00,2016-04-01 15:24:00,Customer Visit,1
108,39,38,20.3,2016-04-01 16:01:00,2016-04-01 16:49:00,Meeting,1
109,38,38,0.7,2016-04-01 16:52:00,2016-04-01 16:57:00,Errand/Supplies,2
110,38,38,5.5,2016-04-02 8:48:00,2016-04-02 9:04:00,Meeting,2
111,38,38,5.1,2016-04-02 11:01:00,2016-04-02 11:16:00,Meeting,2
112,38,40,77.3,2016-04-02 12:21:00,2016-04-02 14:47:00,Customer Visit,1
113,40,41,80.5,2016-04-02 16:57:00,2016-04-02 18:09:00,Customer Visit,1
114,41,42,174.2,2016-04-02 19:38:00,2016-04-02 22:36:00,Customer Visit,1
115,42,43,144,2016-04-02 23:11:00,2016-04-03 1:34:00,Meeting,1
116,43,3,159.3,2016-04-03 2:00:00,2016-04-03 4:16:00,Meeting,1
117,16,25,7.9,2016-04-05 21:39:00,2016-04-05 21:55:00,Meal/Entertain,1
118,25,16,8,2016-04-06 0:19:00,2016-04-06 0:39:00,Meal/Entertain,1
119,3,17,6.1,2016-04-07 18:20:00,2016-04-07 18:39:00,Meal/Entertain,1
120,17,3,6.1,2016-04-07 19:45:00,2016-04-07 20:00:00,Errand/Supplies,1
121,3,18,10.5,2016-04-08 12:30:00,2016-04-08 12:48:00,Meeting,1
122,18,3,8.7,2016-04-08 13:34:00,2016-04-08 13:51:00,Meal/Entertain,1
123,26,16,1.8,2016-04-08 13:55:00,2016-04-08 14:03:00,Errand/Supplies,1
124,3,19,19.1,2016-04-08 14:43:00,2016-04-08 15:20:00,Meeting,1
125,19,3,18.6,2016-04-08 16:05:00,2016-04-08 16:47:00,Meeting,1
126,16,20,2.8,2016-04-12 9:15:00,2016-04-12 9:26:00,Errand/Supplies,1
127,3,19,8.9,2016-04-12 9:34:00,2016-04-12 9:53:00,Meeting,1
128,44,120,7.5,2016-04-12 10:58:00,2016-04-12 11:18:00,Customer Visit,1
129,19,17,15.9,2016-04-12 12:22:00,2016-04-12 12:44:00,Meeting,1
130,17,3,6.5,2016-04-12 13:42:00,2016-04-12 14:01:00,Meal/Entertain,1
131,16,26,2.1,2016-05-01 13:45:00,2016-05-01 13:53:00,Meal/Entertain,1
132,26,16,2.3,2016-05-01 14:26:00,2016-05-01 14:31:00,Errand/Supplies,1
133,16,22,6.2,2016-05-01 17:33:00,2016-05-01 17:45:00,Between Offices,1
134,22,45,7.5,2016-05-01 17:54:00,2016-05-01 18:10:00,Meeting,1
135,45,16,3.1,2016-05-01 22:38:00,2016-05-01 22:49:00,Errand/Supplies,1
136,16,26,2.2,2016-05-02 14:14:00,2016-05-02 14:21:00,Errand/Supplies,1
137,26,16,3.9,2016-05-02 15:37:00,2016-05-02 15:48:00,Meal/Entertain,1
138,17,3,2.5,2016-05-03 22:20:00,2016-05-03 22:28:00,Meal/Entertain,1
139,3,17,8.7,2016-05-04 15:16:00,2016-05-04 15:37:00,Meal/Entertain,1
140,46,47,14.5,2016-05-04 20:55:00,2016-05-04 21:14:00,Errand/Supplies,1
141,47,48,4.5,2016-05-04 21:30:00,2016-05-04 21:36:00,Meal/Entertain,1
142,48,47,5,2016-05-04 22:19:00,2016-05-04 22:27:00,Meal/Entertain,1
143,49,50,14.2,2016-05-05 21:24:00,2016-05-05 21:36:00,Meal/Entertain,1
144,50,51,2.9,2016-05-05 22:34:00,2016-05-05 22:40:00,Errand/Supplies,1
145,51,49,12.9,2016-05-05 23:55:00,2016-05-06 0:08:00,Meeting,1
146,47,46,14.4,2016-05-06 5:47:00,2016-05-06 6:02:00,Meeting,1
147,14,17,17,2016-05-06 16:45:00,2016-05-06 16:59:00,Meeting,1
148,17,3,7.9,2016-05-06 17:18:00,2016-05-06 17:44:00,Customer Visit,1
149,3,17,8.4,2016-05-09 6:08:00,2016-05-09 6:25:00,Customer Visit,1
150,52,53,20.5,2016-05-09 14:39:00,2016-05-09 15:06:00,Between Offices,1
151,53,54,9.8,2016-05-09 17:58:00,2016-05-09 18:26:00,Customer Visit,1
152,54,55,17.6,2016-05-09 19:35:00,2016-05-09 19:59:00,Customer Visit,1
153,55,56,9.3,2016-05-10 9:03:00,2016-05-10 9:20:00,Customer Visit,1
154,56,55,7.9,2016-05-10 17:19:00,2016-05-10 17:31:00,Customer Visit,1
155,55,52,25.6,2016-05-11 8:35:00,2016-05-11 9:12:00,Meeting,1
156,17,3,8.1,2016-05-11 21:47:00,2016-05-11 22:04:00,Meeting,1
157,3,17,6.7,2016-06-01 10:19:00,2016-06-01 10:47:00,Customer Visit,1
158,17,3,9.6,2016-06-01 13:10:00,2016-06-01 13:39:00,Meeting,1
159,3,18,10.4,2016-06-03 11:29:00,2016-06-03 11:49:00,Meeting,1
160,18,3,9.9,2016-06-03 13:08:00,2016-06-03 13:38:00,Meeting,1
161,3,17,6,2016-06-03 15:31:00,2016-06-03 15:54:00,Meal/Entertain,1
162,57,121,3.3,2016-06-03 18:14:00,2016-06-03 18:29:00,Errand/Supplies,1
163,17,3,3.1,2016-06-03 18:41:00,2016-06-03 18:53:00,Errand/Supplies,1
164,58,28,1.7,2016-06-03 19:36:00,2016-06-03 19:42:00,Errand/Supplies,1
165,17,3,4,2016-06-03 22:47:00,2016-06-03 23:06:00,Between Offices,1
166,16,122,7.8,2016-06-05 14:03:00,2016-06-05 14:33:00,Customer Visit,1
167,3,17,7.8,2016-06-05 15:06:00,2016-06-05 15:22:00,Customer Visit,1
168,28,28,3.8,2016-06-05 15:57:00,2016-06-05 16:08:00,Meal/Entertain,1
169,17,3,2.5,2016-06-05 18:05:00,2016-06-05 18:14:00,Meal/Entertain,1
170,3,18,9.9,2016-06-05 21:53:00,2016-06-05 22:05:00,Meeting,1
171,18,3,9.9,2016-06-05 23:52:00,2016-06-06 0:08:00,Meeting,1
172,16,59,3,2016-06-06 15:36:00,2016-06-06 15:45:00,Errand/Supplies,1
173,59,16,2.4,2016-06-06 16:16:00,2016-06-06 16:24:00,Errand/Supplies,1
174,3,21,5.7,2016-06-06 20:06:00,2016-06-06 20:20:00,Meal/Entertain,1
175,21,3,7.2,2016-06-06 21:08:00,2016-06-06 21:37:00,Meal/Entertain,1
176,3,18,10.4,2016-06-06 21:41:00,2016-06-06 22:00:00,Meeting,1
177,18,3,9.9,2016-06-06 23:34:00,2016-06-06 23:48:00,Meeting,1
178,3,18,10.4,2016-06-07 21:42:00,2016-06-07 22:00:00,Meeting,1
179,18,3,9.9,2016-06-07 23:41:00,2016-06-08 0:04:00,Meeting,1
180,3,17,8.7,2016-06-08 8:23:00,2016-06-08 8:53:00,Meal/Entertain,1
181,4,5,22.3,2016-06-08 12:04:00,2016-06-08 13:01:00,Errand/Supplies,1
182,60,123,3.3,2016-06-08 13:12:00,2016-06-08 13:29:00,Meal/Entertain,1
183,61,124,0.7,2016-06-08 14:31:00,2016-06-08 14:37:00,Errand/Supplies,1
184,62,63,2.5,2016-06-08 16:55:00,2016-06-08 17:11:00,Meal/Entertain,1
185,63,64,0.5,2016-06-08 17:16:00,2016-06-08 17:18:00,Errand/Supplies,1
186,64,65,0.9,2016-06-08 17:59:00,2016-06-08 18:05:00,Errand/Supplies,1
187,65,125,4.8,2016-06-08 20:11:00,2016-06-08 20:25:00,Errand/Supplies,1
188,5,4,16.3,2016-06-10 15:19:00,2016-06-10 16:28:00,Meeting,1
189,3,18,10.4,2016-06-10 21:47:00,2016-06-10 22:04:00,Meeting,1
190,18,3,9.9,2016-06-10 23:53:00,2016-06-11 0:01:00,Meeting,1
191,3,17,3.7,2016-06-11 17:08:00,2016-06-11 17:16:00,Errand/Supplies,1
192,17,3,4.6,2016-06-11 17:34:00,2016-06-11 17:39:00,Meal/Entertain,1
193,26,16,1.7,2016-06-11 17:50:00,2016-06-11 17:56:00,Errand/Supplies,1
194,3,18,10.4,2016-06-11 21:45:00,2016-06-11 22:04:00,Meeting,1
195,18,3,9.9,2016-06-11 23:39:00,2016-06-12 0:05:00,Meeting,1
196,3,17,2.5,2016-06-12 19:53:00,2016-06-12 19:56:00,Meal/Entertain,1
197,17,3,4.3,2016-06-12 20:05:00,2016-06-12 20:16:00,Errand/Supplies,1
198,45,16,2.8,2016-06-12 21:58:00,2016-06-12 22:19:00,Errand/Supplies,1
199,18,3,9.9,2016-07-01 0:00:00,2016-07-01 0:25:00,Meeting,1
200,3,19,13.3,2016-07-01 9:34:00,2016-07-01 9:57:00,Meeting,1
201,19,3,11.3,2016-07-01 12:36:00,2016-07-01 13:00:00,Meeting,1
202,3,18,10.5,2016-07-01 20:06:00,2016-07-01 20:24:00,Meeting,1
203,18,3,9.9,2016-07-01 23:48:00,2016-07-02 0:09:00,Meeting,1
204,3,18,10.1,2016-07-02 20:18:00,2016-07-02 20:36:00,Meeting,1
205,18,3,9.9,2016-07-02 23:48:00,2016-07-03 0:12:00,Meeting,1
206,3,17,3.1,2016-07-03 0:28:00,2016-07-03 0:38:00,Errand/Supplies,1
207,17,3,3.1,2016-07-03 3:02:00,2016-07-03 3:08:00,Errand/Supplies,1
208,3,18,9.9,2016-07-03 20:00:00,2016-07-03 20:18:00,Meeting,1
209,18,3,9.9,2016-07-04 0:32:00,2016-07-04 0:47:00,Meeting,1
210,16,66,8.8,2016-07-04 17:31:00,2016-07-04 17:49:00,Meeting,1
211,66,16,8.7,2016-07-04 18:23:00,2016-07-04 18:49:00,Temporary Site,1
212,3,18,11.8,2016-07-04 20:00:00,2016-07-04 20:17:00,Meeting,1
213,67,67,1.2,2016-07-05 0:00:00,2016-07-05 0:05:00,Errand/Supplies,1
214,18,3,9.9,2016-07-05 0:08:00,2016-07-05 0:28:00,Meeting,1
215,16,16,0.6,2016-07-05 16:48:00,2016-07-05 16:52:00,Errand/Supplies,1
216,3,18,9.9,2016-07-05 20:06:00,2016-07-05 20:26:00,Meeting,1
217,18,17,8.6,2016-07-05 22:41:00,2016-07-05 23:02:00,Meeting,1
218,17,3,6.3,2016-07-06 0:33:00,2016-07-06 0:53:00,Meal/Entertain,1
219,3,18,9.9,2016-07-06 9:06:00,2016-07-06 9:25:00,Meeting,1
220,18,3,9.9,2016-07-06 12:48:00,2016-07-06 13:08:00,Meeting,1
221,3,17,3.3,2016-07-06 20:04:00,2016-07-06 20:14:00,Meal/Entertain,1
222,17,3,3.1,2016-07-06 23:46:00,2016-07-06 23:59:00,Customer Visit,1
223,3,17,7.9,2016-07-07 8:22:00,2016-07-07 8:50:00,Temporary Site,1
224,17,3,8.9,2016-07-07 10:27:00,2016-07-07 10:33:00,Meeting,1
225,68,71,12.8,2016-07-07 12:59:00,2016-07-07 13:35:00,Meal/Entertain,1
226,69,70,7.7,2016-07-08 9:50:00,2016-07-08 10:13:00,Meeting,1
227,70,69,7,2016-07-08 10:51:00,2016-07-08 11:12:00,Meeting,1
228,71,72,12.5,2016-07-08 13:48:00,2016-07-08 14:11:00,Meal/Entertain,1
229,68,71,13.2,2016-07-08 17:11:00,2016-07-08 17:30:00,Meal/Entertain,1
230,71,68,13,2016-07-09 9:03:00,2016-07-09 9:46:00,Meal/Entertain,1
231,68,72,4.9,2016-07-09 9:52:00,2016-07-09 10:06:00,Meeting,1
232,72,71,8.5,2016-07-09 10:15:00,2016-07-09 10:33:00,Meeting,1
233,69,73,1.3,2016-07-10 14:10:00,2016-07-10 14:17:00,Errand/Supplies,1
234,73,69,1.8,2016-07-10 16:04:00,2016-07-10 16:15:00,Errand/Supplies,1
235,71,68,13.6,2016-07-10 18:05:00,2016-07-10 18:21:00,Meal/Entertain,1
236,68,71,13.4,2016-07-10 19:51:00,2016-07-10 20:08:00,Meal/Entertain,1
237,71,68,12.3,2016-07-12 16:10:00,2016-07-12 16:45:00,Meal/Entertain,1
238,68,68,1.4,2016-07-12 19:21:00,2016-07-12 19:26:00,Errand/Supplies,2
239,16,74,6.2,2016-08-01 12:47:00,2016-08-01 13:04:00,Meeting,1
240,74,75,1.3,2016-08-01 13:08:00,2016-08-01 13:19:00,Errand/Supplies,1
241,75,26,1.9,2016-08-01 13:28:00,2016-08-01 13:46:00,Errand/Supplies,1
242,3,21,6.9,2016-08-01 13:52:00,2016-08-01 14:14:00,Meeting,1
243,21,3,4.6,2016-08-01 15:40:00,2016-08-01 15:47:00,Meeting,1
244,16,20,2.8,2016-08-01 16:18:00,2016-08-01 16:25:00,Errand/Supplies,1
245,3,17,9.1,2016-08-01 16:29:00,2016-08-01 16:59:00,Meeting,1
246,17,3,8.1,2016-08-01 17:23:00,2016-08-01 17:55:00,Meeting,1
247,3,17,8.4,2016-08-02 8:11:00,2016-08-02 8:32:00,Meeting,1
248,76,82,4.9,2016-08-02 11:51:00,2016-08-02 12:15:00,Meeting,1
249,77,78,1,2016-08-02 19:15:00,2016-08-02 19:23:00,Errand/Supplies,1
250,78,77,1,2016-08-02 21:23:00,2016-08-02 21:29:00,Errand/Supplies,1
251,79,126,2,2016-08-03 12:46:00,2016-08-03 13:00:00,Errand/Supplies,1
252,78,77,1.1,2016-08-03 14:59:00,2016-08-03 15:03:00,Errand/Supplies,1
253,77,36,1.5,2016-08-03 16:00:00,2016-08-03 16:04:00,Errand/Supplies,1
254,80,77,1.3,2016-08-05 17:23:00,2016-08-05 17:30:00,Errand/Supplies,1
255,77,81,1.8,2016-08-05 18:17:00,2016-08-05 18:21:00,Errand/Supplies,1
256,81,77,1.5,2016-08-05 19:17:00,2016-08-05 19:27:00,Errand/Supplies,1
257,82,76,6.6,2016-08-06 6:40:00,2016-08-06 6:58:00,Meeting,1
258,17,3,8,2016-08-06 9:31:00,2016-08-06 9:53:00,Meeting,1
259,16,20,2.7,2016-08-07 17:14:00,2016-08-07 17:23:00,Errand/Supplies,1
260,20,16,2.7,2016-08-07 17:28:00,2016-08-07 17:43:00,Customer Visit,1
261,3,17,2.5,2016-08-07 18:17:00,2016-08-07 18:23:00,Errand/Supplies,1
262,17,3,2.5,2016-08-07 20:15:00,2016-08-07 20:23:00,Meal/Entertain,1
263,16,83,5.2,2016-08-08 16:17:00,2016-08-08 16:31:00,Meeting,1
264,83,20,4,2016-08-08 16:37:00,2016-08-08 16:50:00,Meeting,1
265,20,16,2.7,2016-08-08 17:02:00,2016-08-08 17:13:00,Customer Visit,1
266,3,17,4.8,2016-08-08 21:50:00,2016-08-08 22:15:00,Meeting,1
267,17,3,3.2,2016-08-08 23:28:00,2016-08-08 23:37:00,Customer Visit,1
268,16,30,6.9,2016-08-09 14:20:00,2016-08-09 14:38:00,Meeting,1
269,3,19,14.9,2016-08-09 15:15:00,2016-08-09 15:36:00,Meal/Entertain,1
270,19,3,17.4,2016-08-09 16:04:00,2016-08-09 16:37:00,Meal/Entertain,1
271,3,18,12.9,2016-08-10 16:56:00,2016-08-10 17:24:00,Meal/Entertain,1
272,18,21,15.3,2016-08-10 17:53:00,2016-08-10 18:28:00,Meal/Entertain,1
273,21,21,1,2016-08-10 18:49:00,2016-08-10 18:50:00,Errand/Supplies,1
274,21,3,6,2016-08-10 19:47:00,2016-08-10 20:02:00,Meeting,1
275,16,84,2.2,2016-08-11 12:53:00,2016-08-11 13:00:00,Errand/Supplies,1
276,84,20,4.4,2016-08-11 13:14:00,2016-08-11 13:28:00,Meeting,1
277,20,16,2.8,2016-08-11 13:32:00,2016-08-11 13:42:00,Errand/Supplies,1
278,3,85,31.7,2016-08-11 18:37:00,2016-08-11 19:29:00,Meal/Entertain,1
279,85,3,31.9,2016-08-11 20:59:00,2016-08-11 21:44:00,Meal/Entertain,1
280,16,26,1.9,2016-08-12 18:49:00,2016-08-12 18:52:00,Errand/Supplies,1
281,26,16,1.8,2016-08-12 18:56:00,2016-08-12 19:05:00,Errand/Supplies,1
282,86,87,13,2016-09-01 11:51:00,2016-09-01 12:24:00,Meal/Entertain,1
283,87,86,10.6,2016-09-01 17:21:00,2016-09-01 17:36:00,Meal/Entertain,1
284,86,86,2.2,2016-09-01 18:49:00,2016-09-01 19:08:00,Errand/Supplies,1
285,86,87,9.2,2016-09-02 11:37:00,2016-09-02 12:24:00,Meeting,1
286,86,86,12.9,2016-09-02 18:56:00,2016-09-02 19:37:00,Meal/Entertain,1
287,86,88,17.2,2016-09-05 10:25:00,2016-09-05 10:44:00,Meal/Entertain,1
288,86,86,69.1,2016-09-06 17:49:00,2016-09-06 17:49:00,Meal/Entertain,1
289,86,86,2.8,2016-09-10 10:28:00,2016-09-10 10:45:00,Errand/Supplies,1
290,86,86,8.6,2016-09-11 9:51:00,2016-09-11 9:55:00,Meeting,1
291,86,86,9.8,2016-09-11 21:40:00,2016-09-11 21:42:00,Meeting,1
292,86,86,3.6,2016-09-12 8:07:00,2016-09-12 8:12:00,Meeting,1
293,86,86,1.7,2016-09-12 11:15:00,2016-09-12 11:24:00,Errand/Supplies,1
294,86,86,11.5,2016-09-12 13:04:00,2016-09-12 13:44:00,Meal/Entertain,1
295,86,87,10.5,2016-10-03 17:09:00,2016-10-03 17:12:00,Meal/Entertain,1
296,87,87,2.8,2016-10-03 18:17:00,2016-10-03 18:34:00,Errand/Supplies,1
297,87,87,1.6,2016-10-03 18:51:00,2016-10-03 19:01:00,Errand/Supplies,1
298,87,86,12.7,2016-10-03 22:04:00,2016-10-03 22:33:00,Meal/Entertain,1
299,86,86,28.6,2016-10-04 9:50:00,2016-10-04 10:52:00,Meal/Entertain,1
300,86,86,15.1,2016-10-04 12:17:00,2016-10-04 12:18:00,Meal/Entertain,1
301,86,88,17.9,2016-10-06 8:49:00,2016-10-06 11:36:00,Meal/Entertain,1
302,88,86,112.6,2016-10-06 17:23:00,2016-10-06 17:40:00,Meal/Entertain,1
303,86,86,18.4,2016-10-06 18:37:00,2016-10-06 18:39:00,Meal/Entertain,1
304,86,86,13.8,2016-10-06 19:46:00,2016-10-06 20:26:00,Meal/Entertain,1
305,86,89,33.2,2016-10-07 10:56:00,2016-10-07 10:59:00,Meal/Entertain,1
306,89,89,2.6,2016-10-07 11:27:00,2016-10-07 11:50:00,Errand/Supplies,1
307,89,86,5.8,2016-10-07 13:52:00,2016-10-07 14:08:00,Meeting,1
308,86,89,8.3,2016-10-07 14:29:00,2016-10-07 15:11:00,Meeting,1
309,89,89,2.4,2016-10-07 15:47:00,2016-10-07 16:02:00,Errand/Supplies,1
310,89,89,3.1,2016-10-07 18:08:00,2016-10-07 18:27:00,Meeting,1
311,89,89,6.1,2016-10-07 18:33:00,2016-10-07 19:01:00,Meeting,1
312,90,90,3.6,2016-10-08 15:03:00,2016-10-08 15:03:00,Meeting,1
313,90,86,8,2016-10-08 18:15:00,2016-10-08 18:18:00,Meeting,1
314,86,86,7.7,2016-10-09 14:04:00,2016-10-09 14:23:00,Temporary Site,1
315,87,87,1.7,2016-10-10 17:22:00,2016-10-10 17:28:00,Errand/Supplies,1
316,87,86,9.5,2016-10-10 17:33:00,2016-10-10 18:13:00,Meeting,1
317,86,88,17.1,2016-10-11 1:27:00,2016-10-11 2:08:00,Meeting,1
318,88,86,18.4,2016-10-12 19:18:00,2016-10-12 19:21:00,Meal/Entertain,1
319,3,18,16.5,2016-11-01 11:50:00,2016-11-01 12:27:00,Meal/Entertain,1
320,18,3,12.8,2016-11-01 16:29:00,2016-11-01 17:02:00,Meal/Entertain,1
321,16,16,1.2,2016-11-01 17:35:00,2016-11-01 17:42:00,Errand/Supplies,1
322,16,16,1,2016-11-01 19:14:00,2016-11-01 19:20:00,Errand/Supplies,1
323,16,16,4.1,2016-11-01 19:59:00,2016-11-01 20:12:00,Meeting,1
324,16,16,4.2,2016-11-01 20:41:00,2016-11-01 20:55:00,Meal/Entertain,1
325,16,26,1.4,2016-11-02 15:10:00,2016-11-02 15:18:00,Errand/Supplies,1
326,26,16,1.8,2016-11-02 15:45:00,2016-11-02 15:52:00,Errand/Supplies,1
327,3,17,8.5,2016-11-02 16:46:00,2016-11-02 17:11:00,Meeting,1
328,17,17,5,2016-11-02 17:34:00,2016-11-02 17:49:00,Meeting,1
329,17,3,3.8,2016-11-02 17:53:00,2016-11-02 18:00:00,Meeting,1
330,16,59,2.5,2016-11-03 11:28:00,2016-11-03 11:34:00,Errand/Supplies,1
331,59,16,2.4,2016-11-03 12:43:00,2016-11-03 12:49:00,Errand/Supplies,1
332,16,26,1.4,2016-11-03 13:42:00,2016-11-03 13:47:00,Errand/Supplies,1
333,26,16,1.8,2016-11-03 14:13:00,2016-11-03 14:26:00,Errand/Supplies,1
334,3,17,3.1,2016-11-03 18:51:00,2016-11-03 19:08:00,Meal/Entertain,1
335,17,3,3.1,2016-11-03 22:46:00,2016-11-03 22:58:00,Customer Visit,1
336,3,17,7.9,2016-11-04 10:02:00,2016-11-04 10:18:00,Temporary Site,1
337,91,95,3.8,2016-11-04 18:14:00,2016-11-04 18:21:00,Meeting,1
338,92,93,4.3,2016-11-04 21:04:00,2016-11-04 21:20:00,Meeting,1
339,93,92,3.9,2016-11-04 22:12:00,2016-11-04 22:25:00,Meeting,1
340,92,94,2.2,2016-11-05 8:34:00,2016-11-05 8:43:00,Errand/Supplies,1
341,94,92,2.8,2016-11-05 17:29:00,2016-11-05 17:40:00,Errand/Supplies,1
342,92,92,2.2,2016-11-05 19:20:00,2016-11-05 19:28:00,Errand/Supplies,1
343,92,94,2.4,2016-11-06 10:50:00,2016-11-06 11:04:00,Errand/Supplies,1
344,94,92,2.8,2016-11-06 16:05:00,2016-11-06 16:22:00,Meeting,1
345,95,97,43.9,2016-11-06 16:27:00,2016-11-06 17:28:00,Customer Visit,1
346,36,96,1.8,2016-11-06 19:04:00,2016-11-06 19:12:00,Errand/Supplies,1
347,96,103,3.3,2016-11-06 20:06:00,2016-11-06 20:21:00,Meeting,1
348,97,52,11.8,2016-11-07 12:28:00,2016-11-07 12:57:00,Between Offices,1
349,52,97,13.2,2016-11-07 19:17:00,2016-11-07 19:57:00,Between Offices,1
350,97,52,12.2,2016-11-08 10:29:00,2016-11-08 10:57:00,Between Offices,1
351,52,97,11.3,2016-11-08 12:16:00,2016-11-08 12:49:00,Meeting,1
352,97,98,3.6,2016-11-08 13:41:00,2016-11-08 14:01:00,Meeting,1
353,98,97,3,2016-11-08 16:21:00,2016-11-08 16:34:00,Meeting,1
354,97,52,11.4,2016-11-09 13:08:00,2016-11-09 13:41:00,Meal/Entertain,1
355,99,36,0.9,2016-11-09 15:58:00,2016-11-09 16:04:00,Errand/Supplies,1
356,36,100,6.2,2016-11-09 17:31:00,2016-11-09 18:03:00,Meeting,1
357,100,101,0.7,2016-11-09 18:09:00,2016-11-09 18:14:00,Errand/Supplies,1
358,101,127,5.5,2016-11-09 18:21:00,2016-11-09 18:35:00,Meeting,1
359,52,102,12.7,2016-11-09 18:40:00,2016-11-09 19:17:00,Customer Visit,1
360,102,97,2.6,2016-11-09 20:52:00,2016-11-09 21:02:00,Errand/Supplies,1
361,103,103,1.1,2016-11-09 21:56:00,2016-11-09 22:02:00,Errand/Supplies,1
362,97,52,12.6,2016-11-10 9:46:00,2016-11-10 10:15:00,Temporary Site,1
363,104,105,1.2,2016-11-10 10:20:00,2016-11-10 10:31:00,Errand/Supplies,1
364,105,104,1.1,2016-11-10 14:57:00,2016-11-10 15:07:00,Errand/Supplies,1
365,52,102,9.9,2016-11-10 15:17:00,2016-11-10 15:22:00,Temporary Site,1
366,102,97,6,2016-11-10 15:30:00,2016-11-10 15:53:00,Meeting,1
367,96,103,0.8,2016-11-10 19:18:00,2016-11-10 19:21:00,Errand/Supplies,1
368,97,56,45.9,2016-11-11 9:35:00,2016-11-11 10:23:00,Customer Visit,1
369,56,53,4,2016-11-11 12:58:00,2016-11-11 13:13:00,Meeting,1
370,53,56,2.5,2016-11-11 14:20:00,2016-11-11 14:32:00,Errand/Supplies,1
371,56,97,36.6,2016-11-11 14:39:00,2016-11-11 15:46:00,Customer Visit,1
372,103,106,2.9,2016-11-11 18:30:00,2016-11-11 18:43:00,Errand/Supplies,1
373,106,103,2.6,2016-11-11 21:08:00,2016-11-11 21:18:00,Errand/Supplies,1
374,103,107,2.3,2016-11-12 10:32:00,2016-11-12 10:52:00,Errand/Supplies,1
375,107,36,6.4,2016-11-12 10:55:00,2016-11-12 11:25:00,Meeting,1
376,36,103,1.4,2016-11-12 13:07:00,2016-11-12 13:15:00,Errand/Supplies,1
377,103,96,0.6,2016-11-12 13:46:00,2016-11-12 13:50:00,Errand/Supplies,1
378,96,107,5.9,2016-11-12 14:22:00,2016-11-12 14:53:00,Meeting,1
379,107,128,0.8,2016-11-12 15:14:00,2016-11-12 15:21:00,Errand/Supplies,1
380,97,98,1.3,2016-11-12 15:25:00,2016-11-12 15:36:00,Errand/Supplies,1
381,98,97,3.7,2016-11-12 15:40:00,2016-11-12 15:59:00,Errand/Supplies,1
382,3,3,5.5,2016-12-01 7:44:00,2016-12-01 7:59:00,Meeting,1
383,3,3,5.5,2016-12-01 8:37:00,2016-12-01 8:53:00,Errand/Supplies,1
384,3,17,2.9,2016-12-01 18:00:00,2016-12-01 18:12:00,Meal/Entertain,1
385,17,3,2.9,2016-12-01 20:36:00,2016-12-01 20:46:00,Customer Visit,1
386,3,21,5.1,2016-12-02 12:12:00,2016-12-02 12:23:00,Meal/Entertain,1
387,21,3,5.3,2016-12-02 13:07:00,2016-12-02 13:22:00,Customer Visit,1
388,3,17,3.3,2016-12-02 20:41:00,2016-12-02 20:48:00,Meal/Entertain,1
389,17,3,3,2016-12-02 22:59:00,2016-12-02 23:07:00,Customer Visit,1
390,3,108,6.6,2016-12-03 18:35:00,2016-12-03 18:56:00,Errand/Supplies,1
391,108,17,1.8,2016-12-03 19:08:00,2016-12-03 19:15:00,Errand/Supplies,1
392,17,3,3,2016-12-03 20:31:00,2016-12-03 20:41:00,Customer Visit,1
393,3,17,2.9,2016-12-04 18:56:00,2016-12-04 19:03:00,Meal/Entertain,1
394,17,3,3.4,2016-12-04 20:23:00,2016-12-04 20:34:00,Customer Visit,1
395,3,3,4.1,2016-12-05 18:04:00,2016-12-05 18:17:00,Meeting,1
396,3,3,3.8,2016-12-05 19:22:00,2016-12-05 19:37:00,Meal/Entertain,1
397,3,3,6.6,2016-12-07 12:03:00,2016-12-07 12:32:00,Meeting,1
398,3,3,4,2016-12-07 12:35:00,2016-12-07 12:46:00,Meeting,1
399,3,3,7,2016-12-07 19:53:00,2016-12-07 20:13:00,Customer Visit,1
400,3,3,6.9,2016-12-07 21:13:00,2016-12-07 21:50:00,Meal/Entertain,1
401,3,3,3.4,2016-12-08 14:19:00,2016-12-08 14:32:00,Errand/Supplies,1
402,3,3,3.4,2016-12-08 14:53:00,2016-12-08 15:02:00,Errand/Supplies,1
403,3,3,2,2016-12-08 19:22:00,2016-12-08 19:27:00,Meeting,1
404,3,3,2,2016-12-08 21:26:00,2016-12-08 21:31:00,Errand/Supplies,1
405,3,21,5.1,2016-12-09 12:09:00,2016-12-09 12:24:00,Errand/Supplies,1
406,21,3,8.8,2016-12-09 13:15:00,2016-12-09 13:43:00,Temporary Site,1
407,3,3,5.6,2016-12-09 20:11:00,2016-12-09 20:34:00,Meeting,1
408,3,3,18.9,2016-12-09 22:03:00,2016-12-09 22:57:00,Customer Visit,1
409,3,109,15.6,2016-12-10 12:43:00,2016-12-10 13:16:00,Meeting,1
410,109,3,15.6,2016-12-10 14:42:00,2016-12-10 15:18:00,Errand/Supplies,1
411,3,17,3,2016-12-10 18:17:00,2016-12-10 18:27:00,Meal/Entertain,1
412,17,3,3.1,2016-12-10 22:09:00,2016-12-10 22:21:00,Customer Visit,1
413,3,17,3,2016-12-11 16:06:00,2016-12-11 16:16:00,Meal/Entertain,1
414,17,3,4.8,2016-12-11 19:05:00,2016-12-11 19:15:00,Errand/Supplies,1
415,3,3,2.1,2016-12-11 21:48:00,2016-12-11 21:56:00,Errand/Supplies,1
416,3,3,3.1,2016-12-12 13:22:00,2016-12-12 13:32:00,Errand/Supplies,1
417,3,21,4.4,2016-12-12 13:36:00,2016-12-12 13:51:00,Meal/Entertain,1
418,21,3,4.7,2016-12-12 14:26:00,2016-12-12 14:39:00,Customer Visit,1
419,3,17,3,2016-12-12 17:51:00,2016-12-12 18:01:00,Meal/Entertain,1
420,17,3,3,2016-12-12 20:48:00,2016-12-12 20:57:00,Customer Visit,1